{
"apiVersion": "V2",
"assemblies": [
{
  "files": [
    {
      "filePath": "data_summary.tsv",
      "fileType": "DATA_TABLE",
      "uncompressedLengthBytes": "466"
    },
    {
      "filePath": "assembly_data_report.jsonl",
      "fileType": "DATA_REPORT",
      "uncompressedLengthBytes": "4103"
    }
  ]
},{
  "accession": "GCF_000001405.40",
  "files": [
    {
      "filePath": "GCF_000001405.40/protein.faa",
      "fileType": "PROTEIN_FASTA",
      "uncompressedLengthBytes": "105928370"
    }
  ]
}]}
